
# 业务线
INSERT INTO risk_business(business_id, business_name, business_desc, status, cre_user_id, cre_time) VALUES (4, '房贷', '房贷', 1, '-1', '2018-03-03 13:51:45');
INSERT INTO risk_business(business_id, business_name, business_desc, status, cre_user_id, cre_time) VALUES (5, '车贷', '车贷', 1, '-1', '2018-03-03 13:52:48');
INSERT INTO risk_business(business_id, business_name, business_desc, status, cre_user_id, cre_time) VALUES (6, 'asfasf', 'asdfasdf', 1, 'admin-fk', '2018-03-03 16:37:15');

# 常量
-- INSERT INTO `rule_constant_info` VALUES (967284545634177025, '征信', '征信状态', '0', 'creditInfoStatus', 1, 1, '2018-02-24 14:26:37', '', '4');
-- INSERT INTO `rule_constant_info` VALUES (967285349820665858, '征信', '呆账', '1', 'creditInfoStatusBad', 1, 1, '2018-02-24 14:29:33', '呆账', '0');
-- INSERT INTO `rule_constant_info` VALUES (967285450601402370, '征信', '次级', '1', 'creditInfoStatusSecondary', 1, 1, '2018-02-24 14:30:43', '次级', '0');
-- INSERT INTO `rule_constant_info` VALUES (967285480771031041, '征信', '可疑', '1', 'creditInfoStatusQuestionable', 1, 1, '2018-02-24 14:31:02', '可疑', '0');
-- INSERT INTO `rule_constant_info` VALUES (967285512211533826, '征信', '损失', '1', 'creditInfoStatusLoss', 1, 1, '2018-02-24 14:31:17', '损失', '0');
-- INSERT INTO `rule_constant_info` VALUES (967285545799520257, '征信', '代偿', '1', 'creditInfoStatusCompensated', 1, 1, '2018-02-24 14:31:40', '代偿', '0');
INSERT INTO `rule_constant_info` VALUES (967286751959715841, '楼龄', '装修情况', '0', 'decorationStatus', 1, 1, '2018-02-24 14:36:18', '', '4');
INSERT INTO `rule_constant_info` VALUES (967287105875087361, '楼龄', '毛坯', '1', 'roughcast', 1, 1, '2018-02-24 14:37:47', '毛坯', '0');
INSERT INTO `rule_constant_info` VALUES (967287251375493121, '楼龄', '精装', '1', 'hardcover', 1, 1, '2018-02-24 14:37:07', '精装', '0');
INSERT INTO `rule_constant_info` VALUES (968418086359257089, '房产所在城市类型', '房产所在城市类型', '0', 'houseCityType', 1, 1, '2018-02-27 17:30:53', '', '4');
INSERT INTO `rule_constant_info` VALUES (968418418791403522, '房产所在城市类型', '城市类型B', '1', 'cityTypeA', 1, 1, '2018-02-27 17:35:03', '城市类型B', '0');
INSERT INTO `rule_constant_info` VALUES (968418504447479809, '房产所在城市类型', '城市类型B', '1', 'cityTypeB', 1, 1, '2018-02-27 17:32:18', '城市类型B', '0');
INSERT INTO `rule_constant_info` VALUES (968418568108625922, '房产所在城市类型', '城市类型C', '1', 'cityTypeC', 1, 1, '2018-02-27 17:32:34', '城市类型C', '0');

# 变量
INSERT INTO rule_entity_info(entity_id, entity_name, entity_desc, entity_identify, pkg_name, cre_user_id, cre_time, is_effect, remark, business_id) VALUES (969382695431663617, '房贷房产信息', '房贷房产信息', 'houseInfo', NULL, '-1', '2018-03-03 13:54:13', 1, NULL, '4');
INSERT INTO rule_entity_info(entity_id, entity_name, entity_desc, entity_identify, pkg_name, cre_user_id, cre_time, is_effect, remark, business_id) VALUES (969813269513592833, '房贷担保人信息', '房贷担保人信息', 'guaranteeInfo', NULL, '-1', '2018-03-03 13:54:36', 1, NULL, '4');
INSERT INTO rule_entity_info(entity_id, entity_name, entity_desc, entity_identify, pkg_name, cre_user_id, cre_time, is_effect, remark, business_id) VALUES (969813354309836801, '房贷借款人信息', '房贷借款人信息', 'borrowerInfo', NULL, '-1', '2018-03-03 16:29:32', 1, NULL, '4');
INSERT INTO rule_entity_info(entity_id, entity_name, entity_desc, entity_identify, pkg_name, cre_user_id, cre_time, is_effect, remark, business_id) VALUES (969813843617341442, '房贷贷款信息', '房贷贷款信息', 'baseInfo', NULL, '-1', '2018-03-03 13:56:53', 1, NULL, '4');


INSERT INTO rule_entity_item_info(item_id, entity_id, item_name, item_identify, item_desc, cre_user_id, cre_time, is_effect, remark, data_type, constant_id) VALUES (969814674043396098, 969382695431663617, '房产证编号', 'houseNo', '房产证编号', '-1', '2018-03-03 14:00:11', 1, NULL, 'String', NULL);
INSERT INTO rule_entity_item_info(item_id, entity_id, item_name, item_identify, item_desc, cre_user_id, cre_time, is_effect, remark, data_type, constant_id) VALUES (969814754494341121, 969382695431663617, '房产权属人户籍身份', 'hkHouseSheng', '房产权属人户籍身份', '-1', '2018-03-03 14:00:30', 1, NULL, 'String', NULL);
INSERT INTO rule_entity_item_info(item_id, entity_id, item_name, item_identify, item_desc, cre_user_id, cre_time, is_effect, remark, data_type, constant_id) VALUES (969814813013270529, 969382695431663617, '房产位置（省）', 'HouseSheng', '房产位置（省）', '-1', '2018-03-03 14:00:44', 1, NULL, 'String', NULL);
INSERT INTO rule_entity_item_info(item_id, entity_id, item_name, item_identify, item_desc, cre_user_id, cre_time, is_effect, remark, data_type, constant_id) VALUES (969814861457481729, 969382695431663617, '房产位置（市）', 'HouseShi', '房产位置（市）', '-1', '2018-03-03 14:00:56', 1, NULL, 'String', NULL);
INSERT INTO rule_entity_item_info(item_id, entity_id, item_name, item_identify, item_desc, cre_user_id, cre_time, is_effect, remark, data_type, constant_id) VALUES (969814908135890945, 969382695431663617, '房产位置（县）', 'HouseXian', '房产位置（县）', '-1', '2018-03-03 14:01:07', 1, NULL, 'String', NULL);
INSERT INTO rule_entity_item_info(item_id, entity_id, item_name, item_identify, item_desc, cre_user_id, cre_time, is_effect, remark, data_type, constant_id) VALUES (969814967816642562, 969382695431663617, '房产类型', 'reserveType', '房产类型', '-1', '2018-03-03 14:01:21', 1, NULL, 'String', NULL);
INSERT INTO rule_entity_item_info(item_id, entity_id, item_name, item_identify, item_desc, cre_user_id, cre_time, is_effect, remark, data_type, constant_id) VALUES (969815021931552769, 969382695431663617, '房产面积', 'hourseArea', '房产面积', '-1', '2018-03-03 14:01:34', 1, NULL, 'Double', NULL);
INSERT INTO rule_entity_item_info(item_id, entity_id, item_name, item_identify, item_desc, cre_user_id, cre_time, is_effect, remark, data_type, constant_id) VALUES (969815076935655425, 969382695431663617, '装修情况', 'renovationStatus', '装修情况', '-1', '2018-03-03 14:01:47', 1, NULL, 'String', NULL);
INSERT INTO rule_entity_item_info(item_id, entity_id, item_name, item_identify, item_desc, cre_user_id, cre_time, is_effect, remark, data_type, constant_id) VALUES (969815150549884929, 969382695431663617, '房产开盘时间', 'openTime', '房产开盘时间', '-1', '2018-03-03 14:02:05', 1, NULL, 'String', NULL);
INSERT INTO rule_entity_item_info(item_id, entity_id, item_name, item_identify, item_desc, cre_user_id, cre_time, is_effect, remark, data_type, constant_id) VALUES (969815277733765121, 969813269513592833, '担保人姓名', 'guaranteeName', '担保人姓名', '-1', '2018-03-03 14:02:35', 1, NULL, 'String', NULL);
INSERT INTO rule_entity_item_info(item_id, entity_id, item_name, item_identify, item_desc, cre_user_id, cre_time, is_effect, remark, data_type, constant_id) VALUES (969815353231237122, 969813269513592833, '担保人身份证号', 'guaranteeIdentifyCard', '担保人身份证号', '-1', '2018-03-03 14:02:53', 1, NULL, 'String', NULL);
INSERT INTO rule_entity_item_info(item_id, entity_id, item_name, item_identify, item_desc, cre_user_id, cre_time, is_effect, remark, data_type, constant_id) VALUES (969815440682475522, 969813354309836801, '借款人姓名', 'customerName', '借款人姓名', '-1', '2018-03-03 14:03:14', 1, NULL, 'String', NULL);
INSERT INTO rule_entity_item_info(item_id, entity_id, item_name, item_identify, item_desc, cre_user_id, cre_time, is_effect, remark, data_type, constant_id) VALUES (969815500124151810, 969813354309836801, '借款人身份证号码', 'identifyCard', '借款人身份证号码', '-1', '2018-03-03 14:03:28', 1, NULL, 'String', NULL);
INSERT INTO rule_entity_item_info(item_id, entity_id, item_name, item_identify, item_desc, cre_user_id, cre_time, is_effect, remark, data_type, constant_id) VALUES (969815557955215361, 969813354309836801, '借款人户籍省份', 'accountProvince', '借款人户籍省份', '-1', '2018-03-03 14:03:42', 1, NULL, 'String', NULL);
INSERT INTO rule_entity_item_info(item_id, entity_id, item_name, item_identify, item_desc, cre_user_id, cre_time, is_effect, remark, data_type, constant_id) VALUES (969815621771550721, 969813354309836801, '借款人年龄', 'borrowerAge', '借款人年龄', '-1', '2018-03-03 14:03:57', 1, NULL, 'Integer', NULL);
INSERT INTO rule_entity_item_info(item_id, entity_id, item_name, item_identify, item_desc, cre_user_id, cre_time, is_effect, remark, data_type, constant_id) VALUES (969815673743171586, 969813354309836801, '是否主借款人', 'isMainCustomer', '是否主借款人', '-1', '2018-03-03 14:04:10', 1, NULL, 'String', NULL);
INSERT INTO rule_entity_item_info(item_id, entity_id, item_name, item_identify, item_desc, cre_user_id, cre_time, is_effect, remark, data_type, constant_id) VALUES (969815929998368769, 969813843617341442, '合同单号', 'businessId', '合同单号', '-1', '2018-03-03 14:05:11', 1, NULL, 'String', NULL);
INSERT INTO rule_entity_item_info(item_id, entity_id, item_name, item_identify, item_desc, cre_user_id, cre_time, is_effect, remark, data_type, constant_id) VALUES (969815995349819393, 969813843617341442, '是否标准件', 'businessType', '是否标准件', '-1', '2018-03-03 14:05:26', 1, NULL, 'String', NULL);
INSERT INTO rule_entity_item_info(item_id, entity_id, item_name, item_identify, item_desc, cre_user_id, cre_time, is_effect, remark, data_type, constant_id) VALUES (969816044213460994, 969813843617341442, '申请期限', 'months', '申请期限', '-1', '2018-03-03 14:05:38', 1, NULL, 'String', NULL);
INSERT INTO rule_entity_item_info(item_id, entity_id, item_name, item_identify, item_desc, cre_user_id, cre_time, is_effect, remark, data_type, constant_id) VALUES (969819040615849985, 969813354309836801, '借款人年龄加借款期限', 'borrowerAgePlusLoanterm', '借款人年龄加借款期限', '-1', '2018-03-03 14:17:32', 1, NULL, 'Double', NULL);
INSERT INTO rule_entity_item_info(item_id, entity_id, item_name, item_identify, item_desc, cre_user_id, cre_time, is_effect, remark, data_type, constant_id) VALUES (969820938785873921, 969813269513592833, '借款人天行数科显示有前科', 'negative', '借款人天行数科显示有前科', '-1', '2018-03-03 14:25:05', 1, NULL, 'String', NULL);
INSERT INTO rule_entity_item_info(item_id, entity_id, item_name, item_identify, item_desc, cre_user_id, cre_time, is_effect, remark, data_type, constant_id) VALUES (969821049494528001, 969813269513592833, '担保人有失信情况', 'oldLai', '担保人有失信情况', '-1', '2018-03-03 14:25:56', 1, NULL, 'String', NULL);
INSERT INTO rule_entity_item_info(item_id, entity_id, item_name, item_identify, item_desc, cre_user_id, cre_time, is_effect, remark, data_type, constant_id) VALUES (969822913082515458, 969382695431663617, '楼龄', 'hourseAge', '楼龄', '-1', '2018-03-03 14:32:56', 1, NULL, 'Integer', NULL);

# 动作
INSERT INTO rule_action_info(action_id, action_type, action_name, action_desc, action_class, is_effect, cre_user_id, cre_time, remark, business_id, action_method) VALUES (1, 1, '禁入', '禁入类', 'com.ht.risk.service.impl.ruleaction.ForbidServiceImpl', 1, 1, '2018-02-06 09:34:30', NULL, '5', 'forbid');
INSERT INTO rule_action_info(action_id, action_type, action_name, action_desc, action_class, is_effect, cre_user_id, cre_time, remark, business_id, action_method) VALUES (2, 1, '降低抵押率类', '降低抵押率类', 'com.ht.risk.service.impl.ruleaction.LowerCollateralServiceImpl', 1, 1, '2018-02-06 11:31:15', NULL, '5', 'lowerCollateral');
INSERT INTO rule_action_info(action_id, action_type, action_name, action_desc, action_class, is_effect, cre_user_id, cre_time, remark, business_id, action_method) VALUES (3, 1, '评分卡', '评分卡类型', 'com.ht.risk.service.impl.ruleaction.TestActionImpl', 1, 1, '2018-01-24 18:34:35', '不可以删除', '5', 'grade');
INSERT INTO rule_action_info(action_id, action_type, action_name, action_desc, action_class, is_effect, cre_user_id, cre_time, remark, business_id, action_method) VALUES (4, 1, '统计', '统计分数', 'com.ht.risk.service.impl.ruleaction.ExcuteTotalScoreServiceImpl', 1, 1, '2018-02-05 09:33:55', 'asa', '5', 'statistics');
INSERT INTO rule_action_info(action_id, action_type, action_name, action_desc, action_class, is_effect, cre_user_id, cre_time, remark, business_id, action_method) VALUES (5, 1, '进件', '进件', 'com.ht.risk.service.impl.ruleaction.IntopiecesServiceImpl', 1, 1, '2018-01-24 18:34:50', NULL, '5', 'intoPieces');
INSERT INTO rule_action_info(action_id, action_type, action_name, action_desc, action_class, is_effect, cre_user_id, cre_time, remark, business_id, action_method) VALUES (969818321477263361, 1, '输出', '输出', 'com.ht.risk.service.impl.ruleaction.AlertInfoActionImpl', 1, -1, '2018-03-03 14:14:41', '输出', '4', 'alertInfo');

# 动作值
INSERT INTO rule_action_param_info(action_param_id, action_id, action_param_name, action_param_desc, param_identify, is_effect, cre_user_id, cre_time, remark) VALUES (3, 3, '分值', '分值', 'grade', 1, '1', '2017-12-22 10:34:22', NULL);
INSERT INTO rule_action_param_info(action_param_id, action_id, action_param_name, action_param_desc, param_identify, is_effect, cre_user_id, cre_time, remark) VALUES (6, 3, '权值', '权值-不可以删除', 'grade1', 1, '1', '2018-01-25 11:08:04', '');
INSERT INTO rule_action_param_info(action_param_id, action_id, action_param_name, action_param_desc, param_identify, is_effect, cre_user_id, cre_time, remark) VALUES (969818437865005058, 969818321477263361, '输出值', '输出值', 'inputParamter', 1, '-1', '2018-03-03 14:15:09', '输出值');


# 规则常量
INSERT INTO rule_property_info(rule_property_id, rule_property_identify, rule_property_name, rule_property_desc, default_value, is_effect, remark) VALUES (1, 'salience', '优先级', '用来设置规则执行的优先级，salience 属性的值是一个数字，数字越大执行优先级越高，同时它的值可以是一个负数。默认情况下，规则的ssalience 默认值为0，所以如果我们不手动设置规则的salience 属性，那么它的执行顺序是随机（但是一般都是按照加载顺序。）', '0', 1, NULL);
INSERT INTO rule_property_info(rule_property_id, rule_property_identify, rule_property_name, rule_property_desc, default_value, is_effect, remark) VALUES (2, 'no-loop', '是否可被重复执行', '是否允许规则多次执行, 值为布尔类型, 默认是false, 即当前的规则只要满足条件, 可以无限次执行; 对当前传入workingmemory中的fact对象进行修改或者个数的增减时, 就会触发规则重新匹配执行; 设置属性no-loop true, 表示当前规则只执行一次, 即使rhs中更新了当前fact对象也不会再次执行该规则了. 不过当其他规则里更新了fact对象时, 即使有no-loop true也会触发, 即no-loop true仅表示本规的rhs中有更新时不重复执行', 'false', 1, NULL);
INSERT INTO rule_property_info(rule_property_id, rule_property_identify, rule_property_name, rule_property_desc, default_value, is_effect, remark) VALUES (3, 'date-effective', '生效时间', '设置规则的生效时间, 当前系统时间>=date-effective时才会触发执行, 值是一个日期格式的字符串, 推荐用法是手动在java代码中设置当前系统的时间格式, 然后按照格式指定时间. 比如: date-effective \"2016-01-31 23:59:59\"', NULL, 1, NULL);
INSERT INTO rule_property_info(rule_property_id, rule_property_identify, rule_property_name, rule_property_desc, default_value, is_effect, remark) VALUES (4, 'date-expires', '失效时间', '设置规则的失效时间, 跟生效时间正好相反', NULL, 1, NULL);
INSERT INTO rule_property_info(rule_property_id, rule_property_identify, rule_property_name, rule_property_desc, default_value, is_effect, remark) VALUES (5, 'enabled', '是否可用', '表示该规则是否可用, 值为布尔类型, 默认是true, 设置成false则该规则就不会被执行了', 'true', 0, '规则信息上已经有此属性，所以默认当前属性无效');
INSERT INTO rule_property_info(rule_property_id, rule_property_identify, rule_property_name, rule_property_desc, default_value, is_effect, remark) VALUES (6, 'dialect', '语言类型', '设置语言类型, 值为字符串, 一般有两种语言,mvel和java, 默认为java', 'java', 1, NULL);
INSERT INTO rule_property_info(rule_property_id, rule_property_identify, rule_property_name, rule_property_desc, default_value, is_effect, remark) VALUES (7, 'duration', '规则定时', '规则定时, 值为长整型, 单位为毫秒, 如 duration 3000, 表示规则在3秒后执行(另外的线程中执行)', '3000', 1, NULL);
INSERT INTO rule_property_info(rule_property_id, rule_property_identify, rule_property_name, rule_property_desc, default_value, is_effect, remark) VALUES (8, 'lock-on-active', '确认规则只执行一次', '是no-loop的增强版, 与其他属性配合使用;规则的重复执行不一定是本身触发的, 也可能是其他规则触发的, 当在规则上使用ruleflow-group属性或agenda-group属性时, 将lock-on-active属性值设置为true，可避免因某些fact对象被修改而使已经执行过的规则再次被激活执行', 'false', 1, NULL);
INSERT INTO rule_property_info(rule_property_id, rule_property_identify, rule_property_name, rule_property_desc, default_value, is_effect, remark) VALUES (9, 'activation-group', '规则分组', '作用是将规则分组, 值为字符串表示组名,这样在执行的时候,具有相同activation-group属性的规则中只要有一个会被执行,其它的规则都将不再执行。即在具有相同activation-group属性的规则当中,只有一个规则会被执行,其它规则都将不会被执行.相同activation-group属性的规则中哪一个会先执行,则可以用salience之类的属性来实现', NULL, 1, NULL);
INSERT INTO rule_property_info(rule_property_id, rule_property_identify, rule_property_name, rule_property_desc, default_value, is_effect, remark) VALUES (10, 'agenda-group', '议程分组', 'agenda group 是用来在agenda 的基础之上，对现在的规则进行再次分组，具体的分组方法可以采用为规则添加agenda-group 属性来实现。 \r\nagenda-group 属性的值也是一个字符串，通过这个字符串，可以将规则分为若干个agenda group，默认情况下，引擎在调用这些设置了agenda-group 属性的规则的时候需要显示的指定某个agenda group 得到focus（焦点），这样位于该agenda group 当中的规则才会触发执行，否则将不执行', NULL, 1, NULL);
INSERT INTO rule_property_info(rule_property_id, rule_property_identify, rule_property_name, rule_property_desc, default_value, is_effect, remark) VALUES (11, 'ruleflow-group', '规则流分组', '在使用规则流的时候要用到ruleflow-group 属性，该属性的值为一个字符串，作用是用来将规则划分为一个个的组，然后在规则流当中通过使用ruleflow-group 属性的值，从而使用对应的规则', NULL, 1, NULL);
INSERT INTO rule_property_info(rule_property_id, rule_property_identify, rule_property_name, rule_property_desc, default_value, is_effect, remark) VALUES (12, 'auto-focus', '自动获取焦点', '前面我们也提到auto-focus 属性，它的作用是用来在已设置了agenda-group 的规则上设置该规则是否可以自动独取focus，如果该属性设置为true，那么在引擎执行时，就不需要显示的为某个agenda group 设置focus，否则需要', 'true', 1, NULL);
